{
  "method": "greedy_heuristic",
  "total_patterns": 27,
  "n_points": 19,
  "baseline_avg": -51.754210526315795,
  "k_values": [
    1,
    2,
    3,
    4,
    5,
    6,
    7,
    8,
    9,
    10,
    11,
    12,
    13,
    14,
    15,
    16,
    17,
    18,
    19,
    20,
    21,
    22,
    23,
    24,
    25,
    26,
    27
  ],
  "degradations": [
    -9.218421052631577,
    -4.459473684210515,
    -1.2168421052631473,
    -0.265789473684201,
    -0.16105263157894,
    -0.06578947368420529,
    -0.00999999999999801,
    0.0,
    0.0,
    0.0,
    0.0,
    0.0,
    0.0,
    0.0,
    0.0,
    0.0,
    0.0,
    0.0,
    0.0,
    0.0,
    0.0,
    0.0,
    0.0,
    0.0,
    0.0,
    0.0,
    0.0
  ],
  "greedy_sets": [
    [
      6
    ],
    [
      6,
      16
    ],
    [
      6,
      16,
      18
    ],
    [
      2,
      6,
      16,
      18
    ],
    [
      2,
      6,
      16,
      17,
      18
    ],
    [
      2,
      6,
      16,
      17,
      18,
      22
    ],
    [
      2,
      6,
      16,
      17,
      18,
      22,
      27
    ],
    [
      2,
      5,
      6,
      16,
      17,
      18,
      22,
      27
    ],
    [
      2,
      5,
      6,
      16,
      17,
      18,
      19,
      22,
      27
    ],
    [
      2,
      5,
      6,
      16,
      17,
      18,
      19,
      20,
      22,
      27
    ],
    [
      2,
      5,
      6,
      8,
      16,
      17,
      18,
      19,
      20,
      22,
      27
    ],
    [
      2,
      5,
      6,
      8,
      16,
      17,
      18,
      19,
      20,
      22,
      25,
      27
    ],
    [
      2,
      5,
      6,
      8,
      13,
      16,
      17,
      18,
      19,
      20,
      22,
      25,
      27
    ],
    [
      2,
      4,
      5,
      6,
      8,
      13,
      16,
      17,
      18,
      19,
      20,
      22,
      25,
      27
    ],
    [
      2,
      4,
      5,
      6,
      8,
      9,
      13,
      16,
      17,
      18,
      19,
      20,
      22,
      25,
      27
    ],
    [
      2,
      4,
      5,
      6,
      7,
      8,
      9,
      13,
      16,
      17,
      18,
      19,
      20,
      22,
      25,
      27
    ],
    [
      2,
      4,
      5,
      6,
      7,
      8,
      9,
      13,
      15,
      16,
      17,
      18,
      19,
      20,
      22,
      25,
      27
    ],
    [
      2,
      4,
      5,
      6,
      7,
      8,
      9,
      10,
      13,
      15,
      16,
      17,
      18,
      19,
      20,
      22,
      25,
      27
    ],
    [
      2,
      4,
      5,
      6,
      7,
      8,
      9,
      10,
      11,
      13,
      15,
      16,
      17,
      18,
      19,
      20,
      22,
      25,
      27
    ],
    [
      1,
      2,
      4,
      5,
      6,
      7,
      8,
      9,
      10,
      11,
      13,
      15,
      16,
      17,
      18,
      19,
      20,
      22,
      25,
      27
    ],
    [
      1,
      2,
      4,
      5,
      6,
      7,
      8,
      9,
      10,
      11,
      12,
      13,
      15,
      16,
      17,
      18,
      19,
      20,
      22,
      25,
      27
    ],
    [
      1,
      2,
      4,
      5,
      6,
      7,
      8,
      9,
      10,
      11,
      12,
      13,
      15,
      16,
      17,
      18,
      19,
      20,
      22,
      23,
      25,
      27
    ],
    [
      1,
      2,
      4,
      5,
      6,
      7,
      8,
      9,
      10,
      11,
      12,
      13,
      15,
      16,
      17,
      18,
      19,
      20,
      22,
      23,
      25,
      26,
      27
    ],
    [
      1,
      2,
      3,
      4,
      5,
      6,
      7,
      8,
      9,
      10,
      11,
      12,
      13,
      15,
      16,
      17,
      18,
      19,
      20,
      22,
      23,
      25,
      26,
      27
    ],
    [
      1,
      2,
      3,
      4,
      5,
      6,
      7,
      8,
      9,
      10,
      11,
      12,
      13,
      14,
      15,
      16,
      17,
      18,
      19,
      20,
      22,
      23,
      25,
      26,
      27
    ],
    [
      1,
      2,
      3,
      4,
      5,
      6,
      7,
      8,
      9,
      10,
      11,
      12,
      13,
      14,
      15,
      16,
      17,
      18,
      19,
      20,
      22,
      23,
      24,
      25,
      26,
      27
    ],
    [
      1,
      2,
      3,
      4,
      5,
      6,
      7,
      8,
      9,
      10,
      11,
      12,
      13,
      14,
      15,
      16,
      17,
      18,
      19,
      20,
      21,
      22,
      23,
      24,
      25,
      26,
      27
    ]
  ]
}