{
  "total_patterns": 27,
  "n_points": 19,
  "baseline_sum": -983.3300000000002,
  "k_values": [
    1,
    2,
    3,
    4,
    5,
    6,
    7,
    8,
    9,
    10,
    11,
    12,
    13,
    14,
    15,
    16,
    17,
    18,
    19,
    20,
    21,
    22,
    23,
    24,
    25,
    26,
    27
  ],
  "degradations": [
    -8.035263157894729,
    -4.134210526315775,
    -1.2168421052631462,
    -0.26578947368419614,
    -0.1610526315789385,
    -0.06578947368420454,
    -0.009999999999996888,
    0.0,
    0.0,
    0.0,
    0.0,
    0.0,
    0.0,
    0.0,
    0.0,
    0.0,
    0.0,
    0.0,
    0.0,
    0.0,
    0.0,
    0.0,
    0.0,
    0.0,
    0.0,
    0.0,
    0.0
  ],
  "best_sets": [
    [
      25
    ],
    [
      6,
      15
    ],
    [
      6,
      16,
      18
    ],
    [
      2,
      6,
      16,
      18
    ],
    [
      2,
      6,
      16,
      17,
      18
    ],
    [
      2,
      6,
      16,
      17,
      18,
      22
    ],
    [
      2,
      6,
      16,
      17,
      18,
      22,
      27
    ],
    [
      2,
      5,
      6,
      16,
      17,
      18,
      22,
      27
    ],
    [
      1,
      2,
      5,
      6,
      16,
      17,
      18,
      22,
      27
    ],
    [
      1,
      2,
      3,
      5,
      6,
      16,
      17,
      18,
      22,
      27
    ],
    [
      1,
      2,
      3,
      4,
      5,
      6,
      16,
      17,
      18,
      22,
      27
    ],
    [
      1,
      2,
      3,
      4,
      5,
      6,
      7,
      16,
      17,
      18,
      22,
      27
    ],
    [
      1,
      2,
      3,
      4,
      5,
      6,
      7,
      8,
      16,
      17,
      18,
      22,
      27
    ],
    [
      1,
      2,
      3,
      4,
      5,
      6,
      7,
      8,
      9,
      16,
      17,
      18,
      22,
      27
    ],
    [
      1,
      2,
      3,
      4,
      5,
      6,
      7,
      8,
      9,
      10,
      16,
      17,
      18,
      22,
      27
    ],
    [
      1,
      2,
      3,
      4,
      5,
      6,
      7,
      8,
      9,
      10,
      11,
      16,
      17,
      18,
      22,
      27
    ],
    [
      1,
      2,
      3,
      4,
      5,
      6,
      7,
      8,
      9,
      10,
      11,
      12,
      16,
      17,
      18,
      22,
      27
    ],
    [
      1,
      2,
      3,
      4,
      5,
      6,
      7,
      8,
      9,
      10,
      11,
      12,
      13,
      16,
      17,
      18,
      22,
      27
    ],
    [
      1,
      2,
      3,
      4,
      5,
      6,
      7,
      8,
      9,
      10,
      11,
      12,
      13,
      14,
      16,
      17,
      18,
      22,
      27
    ],
    [
      1,
      2,
      3,
      4,
      5,
      6,
      7,
      8,
      9,
      10,
      11,
      12,
      13,
      14,
      15,
      16,
      17,
      18,
      22,
      27
    ],
    [
      1,
      2,
      3,
      4,
      5,
      6,
      7,
      8,
      9,
      10,
      11,
      12,
      13,
      14,
      15,
      16,
      17,
      18,
      19,
      22,
      27
    ],
    [
      1,
      2,
      3,
      4,
      5,
      6,
      7,
      8,
      9,
      10,
      11,
      12,
      13,
      14,
      15,
      16,
      17,
      18,
      19,
      20,
      22,
      27
    ],
    [
      1,
      2,
      3,
      4,
      5,
      6,
      7,
      8,
      9,
      10,
      11,
      12,
      13,
      14,
      15,
      16,
      17,
      18,
      19,
      20,
      21,
      22,
      27
    ],
    [
      1,
      2,
      3,
      4,
      5,
      6,
      7,
      8,
      9,
      10,
      11,
      12,
      13,
      14,
      15,
      16,
      17,
      18,
      19,
      20,
      21,
      22,
      23,
      27
    ],
    [
      1,
      2,
      3,
      4,
      5,
      6,
      7,
      8,
      9,
      10,
      11,
      12,
      13,
      14,
      15,
      16,
      17,
      18,
      19,
      20,
      21,
      22,
      23,
      24,
      27
    ],
    [
      1,
      2,
      3,
      4,
      5,
      6,
      7,
      8,
      9,
      10,
      11,
      12,
      13,
      14,
      15,
      16,
      17,
      18,
      19,
      20,
      21,
      22,
      23,
      24,
      25,
      27
    ],
    [
      1,
      2,
      3,
      4,
      5,
      6,
      7,
      8,
      9,
      10,
      11,
      12,
      13,
      14,
      15,
      16,
      17,
      18,
      19,
      20,
      21,
      22,
      23,
      24,
      25,
      26,
      27
    ]
  ],
  "best_sums": [
    -1136.0,
    -1061.8799999999999,
    -1006.4499999999999,
    -988.3799999999999,
    -986.39,
    -984.58,
    -983.5200000000001,
    -983.3300000000002,
    -983.3300000000002,
    -983.3300000000002,
    -983.3300000000002,
    -983.3300000000002,
    -983.3300000000002,
    -983.3300000000002,
    -983.3300000000002,
    -983.3300000000002,
    -983.3300000000002,
    -983.3300000000002,
    -983.3300000000002,
    -983.3300000000002,
    -983.3300000000002,
    -983.3300000000002,
    -983.3300000000002,
    -983.3300000000002,
    -983.3300000000002,
    -983.3300000000002,
    -983.3300000000002
  ],
  "all_patterns": [
    1,
    2,
    3,
    4,
    5,
    6,
    7,
    8,
    9,
    10,
    11,
    12,
    13,
    14,
    15,
    16,
    17,
    18,
    19,
    20,
    21,
    22,
    23,
    24,
    25,
    26,
    27
  ]
}